filename,actor_id,canonical_label,statement,text
01-01-01-01-01-01-01.mp4,1,neutral,1,Kids are talking by the door
01-01-01-01-01-02-01.mp4,1,neutral,1,Kids are talking by the door
01-01-01-01-02-01-01.mp4,1,neutral,2,Dogs are sitting by the door
01-01-01-01-02-02-01.mp4,1,neutral,2,Dogs are sitting by the door
01-01-03-01-01-01-01.mp4,1,happy,1,Kids are talking by the door
01-01-03-01-01-02-01.mp4,1,happy,1,Kids are talking by the door
01-01-03-01-02-01-01.mp4,1,happy,2,Dogs are sitting by the door
01-01-03-01-02-02-01.mp4,1,happy,2,Dogs are sitting by the door
01-01-03-02-01-01-01.mp4,1,happy,1,Kids are talking by the door
01-01-03-02-01-02-01.mp4,1,happy,1,Kids are talking by the door
01-01-03-02-02-01-01.mp4,1,happy,2,Dogs are sitting by the door
01-01-03-02-02-02-01.mp4,1,happy,2,Dogs are sitting by the door
01-01-04-01-01-01-01.mp4,1,sad,1,Kids are talking by the door
01-01-04-01-01-02-01.mp4,1,sad,1,Kids are talking by the door
01-01-04-01-02-01-01.mp4,1,sad,2,Dogs are sitting by the door
01-01-04-01-02-02-01.mp4,1,sad,2,Dogs are sitting by the door
01-01-04-02-01-01-01.mp4,1,sad,1,Kids are talking by the door
01-01-04-02-01-02-01.mp4,1,sad,1,Kids are talking by the door
01-01-04-02-02-01-01.mp4,1,sad,2,Dogs are sitting by the door
01-01-04-02-02-02-01.mp4,1,sad,2,Dogs are sitting by the door
01-01-05-01-01-01-01.mp4,1,angry,1,Kids are talking by the door
01-01-05-01-01-02-01.mp4,1,angry,1,Kids are talking by the door
01-01-05-01-02-01-01.mp4,1,angry,2,Dogs are sitting by the door
01-01-05-01-02-02-01.mp4,1,angry,2,Dogs are sitting by the door
01-01-05-02-01-01-01.mp4,1,angry,1,Kids are talking by the door
01-01-05-02-01-02-01.mp4,1,angry,1,Kids are talking by the door
01-01-05-02-02-01-01.mp4,1,angry,2,Dogs are sitting by the door
01-01-05-02-02-02-01.mp4,1,angry,2,Dogs are sitting by the door
01-01-06-01-01-01-01.mp4,1,fearful,1,Kids are talking by the door
01-01-06-01-01-02-01.mp4,1,fearful,1,Kids are talking by the door
01-01-06-01-02-01-01.mp4,1,fearful,2,Dogs are sitting by the door
01-01-06-01-02-02-01.mp4,1,fearful,2,Dogs are sitting by the door
01-01-06-02-01-01-01.mp4,1,fearful,1,Kids are talking by the door
01-01-06-02-01-02-01.mp4,1,fearful,1,Kids are talking by the door
01-01-06-02-02-01-01.mp4,1,fearful,2,Dogs are sitting by the door
01-01-06-02-02-02-01.mp4,1,fearful,2,Dogs are sitting by the door
01-01-07-01-01-01-01.mp4,1,disgust,1,Kids are talking by the door
01-01-07-01-01-02-01.mp4,1,disgust,1,Kids are talking by the door
01-01-07-01-02-01-01.mp4,1,disgust,2,Dogs are sitting by the door
01-01-07-01-02-02-01.mp4,1,disgust,2,Dogs are sitting by the door
01-01-07-02-01-01-01.mp4,1,disgust,1,Kids are talking by the door
01-01-07-02-01-02-01.mp4,1,disgust,1,Kids are talking by the door
01-01-07-02-02-01-01.mp4,1,disgust,2,Dogs are sitting by the door
01-01-07-02-02-02-01.mp4,1,disgust,2,Dogs are sitting by the door
01-01-08-01-01-01-01.mp4,1,surprised,1,Kids are talking by the door
01-01-08-01-01-02-01.mp4,1,surprised,1,Kids are talking by the door
01-01-08-01-02-01-01.mp4,1,surprised,2,Dogs are sitting by the door
01-01-08-01-02-02-01.mp4,1,surprised,2,Dogs are sitting by the door
01-01-08-02-01-01-01.mp4,1,surprised,1,Kids are talking by the door
01-01-08-02-01-02-01.mp4,1,surprised,1,Kids are talking by the door
01-01-08-02-02-01-01.mp4,1,surprised,2,Dogs are sitting by the door
01-01-08-02-02-02-01.mp4,1,surprised,2,Dogs are sitting by the door
01-01-01-01-01-01-02.mp4,2,neutral,1,Kids are talking by the door
01-01-01-01-01-02-02.mp4,2,neutral,1,Kids are talking by the door
01-01-01-01-02-01-02.mp4,2,neutral,2,Dogs are sitting by the door
01-01-01-01-02-02-02.mp4,2,neutral,2,Dogs are sitting by the door
01-01-03-01-01-01-02.mp4,2,happy,1,Kids are talking by the door
01-01-03-01-01-02-02.mp4,2,happy,1,Kids are talking by the door
01-01-03-01-02-01-02.mp4,2,happy,2,Dogs are sitting by the door
01-01-03-01-02-02-02.mp4,2,happy,2,Dogs are sitting by the door
01-01-03-02-01-01-02.mp4,2,happy,1,Kids are talking by the door
01-01-03-02-01-02-02.mp4,2,happy,1,Kids are talking by the door
01-01-03-02-02-01-02.mp4,2,happy,2,Dogs are sitting by the door
01-01-03-02-02-02-02.mp4,2,happy,2,Dogs are sitting by the door
01-01-04-01-01-01-02.mp4,2,sad,1,Kids are talking by the door
01-01-04-01-01-02-02.mp4,2,sad,1,Kids are talking by the door
01-01-04-01-02-01-02.mp4,2,sad,2,Dogs are sitting by the door
01-01-04-01-02-02-02.mp4,2,sad,2,Dogs are sitting by the door
01-01-04-02-01-01-02.mp4,2,sad,1,Kids are talking by the door
01-01-04-02-01-02-02.mp4,2,sad,1,Kids are talking by the door
01-01-04-02-02-01-02.mp4,2,sad,2,Dogs are sitting by the door
01-01-04-02-02-02-02.mp4,2,sad,2,Dogs are sitting by the door
01-01-05-01-01-01-02.mp4,2,angry,1,Kids are talking by the door
01-01-05-01-01-02-02.mp4,2,angry,1,Kids are talking by the door
01-01-05-01-02-01-02.mp4,2,angry,2,Dogs are sitting by the door
01-01-05-01-02-02-02.mp4,2,angry,2,Dogs are sitting by the door
01-01-05-02-01-01-02.mp4,2,angry,1,Kids are talking by the door
01-01-05-02-01-02-02.mp4,2,angry,1,Kids are talking by the door
01-01-05-02-02-01-02.mp4,2,angry,2,Dogs are sitting by the door
01-01-05-02-02-02-02.mp4,2,angry,2,Dogs are sitting by the door
01-01-06-01-01-01-02.mp4,2,fearful,1,Kids are talking by the door
01-01-06-01-01-02-02.mp4,2,fearful,1,Kids are talking by the door
01-01-06-01-02-01-02.mp4,2,fearful,2,Dogs are sitting by the door
01-01-06-01-02-02-02.mp4,2,fearful,2,Dogs are sitting by the door
01-01-06-02-01-01-02.mp4,2,fearful,1,Kids are talking by the door
01-01-06-02-01-02-02.mp4,2,fearful,1,Kids are talking by the door
01-01-06-02-02-01-02.mp4,2,fearful,2,Dogs are sitting by the door
01-01-06-02-02-02-02.mp4,2,fearful,2,Dogs are sitting by the door
01-01-07-01-01-01-02.mp4,2,disgust,1,Kids are talking by the door
01-01-07-01-01-02-02.mp4,2,disgust,1,Kids are talking by the door
01-01-07-01-02-01-02.mp4,2,disgust,2,Dogs are sitting by the door
01-01-07-01-02-02-02.mp4,2,disgust,2,Dogs are sitting by the door
01-01-07-02-01-01-02.mp4,2,disgust,1,Kids are talking by the door
01-01-07-02-01-02-02.mp4,2,disgust,1,Kids are talking by the door
01-01-07-02-02-01-02.mp4,2,disgust,2,Dogs are sitting by the door
01-01-07-02-02-02-02.mp4,2,disgust,2,Dogs are sitting by the door
01-01-08-01-01-01-02.mp4,2,surprised,1,Kids are talking by the door
01-01-08-01-01-02-02.mp4,2,surprised,1,Kids are talking by the door
01-01-08-01-02-01-02.mp4,2,surprised,2,Dogs are sitting by the door
01-01-08-01-02-02-02.mp4,2,surprised,2,Dogs are sitting by the door
01-01-08-02-01-01-02.mp4,2,surprised,1,Kids are talking by the door
01-01-08-02-01-02-02.mp4,2,surprised,1,Kids are talking by the door
01-01-08-02-02-01-02.mp4,2,surprised,2,Dogs are sitting by the door
01-01-08-02-02-02-02.mp4,2,surprised,2,Dogs are sitting by the door
01-01-01-01-01-01-03.mp4,3,neutral,1,Kids are talking by the door
01-01-01-01-01-02-03.mp4,3,neutral,1,Kids are talking by the door
01-01-01-01-02-01-03.mp4,3,neutral,2,Dogs are sitting by the door
01-01-01-01-02-02-03.mp4,3,neutral,2,Dogs are sitting by the door
01-01-03-01-01-01-03.mp4,3,happy,1,Kids are talking by the door
01-01-03-01-01-02-03.mp4,3,happy,1,Kids are talking by the door
01-01-03-01-02-01-03.mp4,3,happy,2,Dogs are sitting by the door
01-01-03-01-02-02-03.mp4,3,happy,2,Dogs are sitting by the door
01-01-03-02-01-01-03.mp4,3,happy,1,Kids are talking by the door
01-01-03-02-01-02-03.mp4,3,happy,1,Kids are talking by the door
01-01-03-02-02-01-03.mp4,3,happy,2,Dogs are sitting by the door
01-01-03-02-02-02-03.mp4,3,happy,2,Dogs are sitting by the door
01-01-04-01-01-01-03.mp4,3,sad,1,Kids are talking by the door
01-01-04-01-01-02-03.mp4,3,sad,1,Kids are talking by the door
01-01-04-01-02-01-03.mp4,3,sad,2,Dogs are sitting by the door
01-01-04-01-02-02-03.mp4,3,sad,2,Dogs are sitting by the door
01-01-04-02-01-01-03.mp4,3,sad,1,Kids are talking by the door
01-01-04-02-01-02-03.mp4,3,sad,1,Kids are talking by the door
01-01-04-02-02-01-03.mp4,3,sad,2,Dogs are sitting by the door
01-01-04-02-02-02-03.mp4,3,sad,2,Dogs are sitting by the door
01-01-05-01-01-01-03.mp4,3,angry,1,Kids are talking by the door
01-01-05-01-01-02-03.mp4,3,angry,1,Kids are talking by the door
01-01-05-01-02-01-03.mp4,3,angry,2,Dogs are sitting by the door
01-01-05-01-02-02-03.mp4,3,angry,2,Dogs are sitting by the door
01-01-05-02-01-01-03.mp4,3,angry,1,Kids are talking by the door
01-01-05-02-01-02-03.mp4,3,angry,1,Kids are talking by the door
01-01-05-02-02-01-03.mp4,3,angry,2,Dogs are sitting by the door
01-01-05-02-02-02-03.mp4,3,angry,2,Dogs are sitting by the door
01-01-06-01-01-01-03.mp4,3,fearful,1,Kids are talking by the door
01-01-06-01-01-02-03.mp4,3,fearful,1,Kids are talking by the door
01-01-06-01-02-01-03.mp4,3,fearful,2,Dogs are sitting by the door
01-01-06-01-02-02-03.mp4,3,fearful,2,Dogs are sitting by the door
01-01-06-02-01-01-03.mp4,3,fearful,1,Kids are talking by the door
01-01-06-02-01-02-03.mp4,3,fearful,1,Kids are talking by the door
01-01-06-02-02-01-03.mp4,3,fearful,2,Dogs are sitting by the door
01-01-06-02-02-02-03.mp4,3,fearful,2,Dogs are sitting by the door
01-01-07-01-01-01-03.mp4,3,disgust,1,Kids are talking by the door
01-01-07-01-01-02-03.mp4,3,disgust,1,Kids are talking by the door
01-01-07-01-02-01-03.mp4,3,disgust,2,Dogs are sitting by the door
01-01-07-01-02-02-03.mp4,3,disgust,2,Dogs are sitting by the door
01-01-07-02-01-01-03.mp4,3,disgust,1,Kids are talking by the door
01-01-07-02-01-02-03.mp4,3,disgust,1,Kids are talking by the door
01-01-07-02-02-01-03.mp4,3,disgust,2,Dogs are sitting by the door
01-01-07-02-02-02-03.mp4,3,disgust,2,Dogs are sitting by the door
01-01-08-01-01-01-03.mp4,3,surprised,1,Kids are talking by the door
01-01-08-01-01-02-03.mp4,3,surprised,1,Kids are talking by the door
01-01-08-01-02-01-03.mp4,3,surprised,2,Dogs are sitting by the door
01-01-08-01-02-02-03.mp4,3,surprised,2,Dogs are sitting by the door
01-01-08-02-01-01-03.mp4,3,surprised,1,Kids are talking by the door
01-01-08-02-01-02-03.mp4,3,surprised,1,Kids are talking by the door
01-01-08-02-02-01-03.mp4,3,surprised,2,Dogs are sitting by the door
01-01-08-02-02-02-03.mp4,3,surprised,2,Dogs are sitting by the door
01-01-01-01-01-01-04.mp4,4,neutral,1,Kids are talking by the door
01-01-01-01-01-02-04.mp4,4,neutral,1,Kids are talking by the door
01-01-01-01-02-01-04.mp4,4,neutral,2,Dogs are sitting by the door
01-01-01-01-02-02-04.mp4,4,neutral,2,Dogs are sitting by the door
01-01-03-01-01-01-04.mp4,4,happy,1,Kids are talking by the door
01-01-03-01-01-02-04.mp4,4,happy,1,Kids are talking by the door
01-01-03-01-02-01-04.mp4,4,happy,2,Dogs are sitting by the door
01-01-03-01-02-02-04.mp4,4,happy,2,Dogs are sitting by the door
01-01-03-02-01-01-04.mp4,4,happy,1,Kids are talking by the door
01-01-03-02-01-02-04.mp4,4,happy,1,Kids are talking by the door
01-01-03-02-02-01-04.mp4,4,happy,2,Dogs are sitting by the door
01-01-03-02-02-02-04.mp4,4,happy,2,Dogs are sitting by the door
01-01-04-01-01-01-04.mp4,4,sad,1,Kids are talking by the door
01-01-04-01-01-02-04.mp4,4,sad,1,Kids are talking by the door
01-01-04-01-02-01-04.mp4,4,sad,2,Dogs are sitting by the door
01-01-04-01-02-02-04.mp4,4,sad,2,Dogs are sitting by the door
01-01-04-02-01-01-04.mp4,4,sad,1,Kids are talking by the door
01-01-04-02-01-02-04.mp4,4,sad,1,Kids are talking by the door
01-01-04-02-02-01-04.mp4,4,sad,2,Dogs are sitting by the door
01-01-04-02-02-02-04.mp4,4,sad,2,Dogs are sitting by the door
01-01-05-01-01-01-04.mp4,4,angry,1,Kids are talking by the door
01-01-05-01-01-02-04.mp4,4,angry,1,Kids are talking by the door
01-01-05-01-02-01-04.mp4,4,angry,2,Dogs are sitting by the door
01-01-05-01-02-02-04.mp4,4,angry,2,Dogs are sitting by the door
01-01-05-02-01-01-04.mp4,4,angry,1,Kids are talking by the door
01-01-05-02-01-02-04.mp4,4,angry,1,Kids are talking by the door
01-01-05-02-02-01-04.mp4,4,angry,2,Dogs are sitting by the door
01-01-05-02-02-02-04.mp4,4,angry,2,Dogs are sitting by the door
01-01-06-01-01-01-04.mp4,4,fearful,1,Kids are talking by the door
01-01-06-01-01-02-04.mp4,4,fearful,1,Kids are talking by the door
01-01-06-01-02-01-04.mp4,4,fearful,2,Dogs are sitting by the door
01-01-06-01-02-02-04.mp4,4,fearful,2,Dogs are sitting by the door
01-01-06-02-01-01-04.mp4,4,fearful,1,Kids are talking by the door
01-01-06-02-01-02-04.mp4,4,fearful,1,Kids are talking by the door
01-01-06-02-02-01-04.mp4,4,fearful,2,Dogs are sitting by the door
01-01-06-02-02-02-04.mp4,4,fearful,2,Dogs are sitting by the door
01-01-07-01-01-01-04.mp4,4,disgust,1,Kids are talking by the door
01-01-07-01-01-02-04.mp4,4,disgust,1,Kids are talking by the door
01-01-07-01-02-01-04.mp4,4,disgust,2,Dogs are sitting by the door
01-01-07-01-02-02-04.mp4,4,disgust,2,Dogs are sitting by the door
01-01-07-02-01-01-04.mp4,4,disgust,1,Kids are talking by the door
01-01-07-02-01-02-04.mp4,4,disgust,1,Kids are talking by the door
01-01-07-02-02-01-04.mp4,4,disgust,2,Dogs are sitting by the door
01-01-07-02-02-02-04.mp4,4,disgust,2,Dogs are sitting by the door
01-01-08-01-01-01-04.mp4,4,surprised,1,Kids are talking by the door
01-01-08-01-01-02-04.mp4,4,surprised,1,Kids are talking by the door
01-01-08-01-02-01-04.mp4,4,surprised,2,Dogs are sitting by the door
01-01-08-01-02-02-04.mp4,4,surprised,2,Dogs are sitting by the door
01-01-08-02-01-01-04.mp4,4,surprised,1,Kids are talking by the door
01-01-08-02-01-02-04.mp4,4,surprised,1,Kids are talking by the door
01-01-08-02-02-01-04.mp4,4,surprised,2,Dogs are sitting by the door
01-01-08-02-02-02-04.mp4,4,surprised,2,Dogs are sitting by the door
01-01-01-01-01-01-05.mp4,5,neutral,1,Kids are talking by the door
01-01-01-01-01-02-05.mp4,5,neutral,1,Kids are talking by the door
01-01-01-01-02-01-05.mp4,5,neutral,2,Dogs are sitting by the door
01-01-01-01-02-02-05.mp4,5,neutral,2,Dogs are sitting by the door
01-01-03-01-01-01-05.mp4,5,happy,1,Kids are talking by the door
01-01-03-01-01-02-05.mp4,5,happy,1,Kids are talking by the door
01-01-03-01-02-01-05.mp4,5,happy,2,Dogs are sitting by the door
01-01-03-01-02-02-05.mp4,5,happy,2,Dogs are sitting by the door
01-01-03-02-01-01-05.mp4,5,happy,1,Kids are talking by the door
01-01-03-02-01-02-05.mp4,5,happy,1,Kids are talking by the door
01-01-03-02-02-01-05.mp4,5,happy,2,Dogs are sitting by the door
01-01-03-02-02-02-05.mp4,5,happy,2,Dogs are sitting by the door
01-01-04-01-01-01-05.mp4,5,sad,1,Kids are talking by the door
01-01-04-01-01-02-05.mp4,5,sad,1,Kids are talking by the door
01-01-04-01-02-01-05.mp4,5,sad,2,Dogs are sitting by the door
01-01-04-01-02-02-05.mp4,5,sad,2,Dogs are sitting by the door
01-01-04-02-01-01-05.mp4,5,sad,1,Kids are talking by the door
01-01-04-02-01-02-05.mp4,5,sad,1,Kids are talking by the door
01-01-04-02-02-01-05.mp4,5,sad,2,Dogs are sitting by the door
01-01-04-02-02-02-05.mp4,5,sad,2,Dogs are sitting by the door
01-01-05-01-01-01-05.mp4,5,angry,1,Kids are talking by the door
01-01-05-01-01-02-05.mp4,5,angry,1,Kids are talking by the door
01-01-05-01-02-01-05.mp4,5,angry,2,Dogs are sitting by the door
01-01-05-01-02-02-05.mp4,5,angry,2,Dogs are sitting by the door
01-01-05-02-01-01-05.mp4,5,angry,1,Kids are talking by the door
01-01-05-02-01-02-05.mp4,5,angry,1,Kids are talking by the door
01-01-05-02-02-01-05.mp4,5,angry,2,Dogs are sitting by the door
01-01-05-02-02-02-05.mp4,5,angry,2,Dogs are sitting by the door
01-01-06-01-01-01-05.mp4,5,fearful,1,Kids are talking by the door
01-01-06-01-01-02-05.mp4,5,fearful,1,Kids are talking by the door
01-01-06-01-02-01-05.mp4,5,fearful,2,Dogs are sitting by the door
01-01-06-01-02-02-05.mp4,5,fearful,2,Dogs are sitting by the door
01-01-06-02-01-01-05.mp4,5,fearful,1,Kids are talking by the door
01-01-06-02-01-02-05.mp4,5,fearful,1,Kids are talking by the door
01-01-06-02-02-01-05.mp4,5,fearful,2,Dogs are sitting by the door
01-01-06-02-02-02-05.mp4,5,fearful,2,Dogs are sitting by the door
01-01-07-01-01-01-05.mp4,5,disgust,1,Kids are talking by the door
01-01-07-01-01-02-05.mp4,5,disgust,1,Kids are talking by the door
01-01-07-01-02-01-05.mp4,5,disgust,2,Dogs are sitting by the door
01-01-07-01-02-02-05.mp4,5,disgust,2,Dogs are sitting by the door
01-01-07-02-01-01-05.mp4,5,disgust,1,Kids are talking by the door
01-01-07-02-01-02-05.mp4,5,disgust,1,Kids are talking by the door
01-01-07-02-02-01-05.mp4,5,disgust,2,Dogs are sitting by the door
01-01-07-02-02-02-05.mp4,5,disgust,2,Dogs are sitting by the door
01-01-08-01-01-01-05.mp4,5,surprised,1,Kids are talking by the door
01-01-08-01-01-02-05.mp4,5,surprised,1,Kids are talking by the door
01-01-08-01-02-01-05.mp4,5,surprised,2,Dogs are sitting by the door
01-01-08-01-02-02-05.mp4,5,surprised,2,Dogs are sitting by the door
01-01-08-02-01-01-05.mp4,5,surprised,1,Kids are talking by the door
01-01-08-02-01-02-05.mp4,5,surprised,1,Kids are talking by the door
01-01-08-02-02-01-05.mp4,5,surprised,2,Dogs are sitting by the door
01-01-08-02-02-02-05.mp4,5,surprised,2,Dogs are sitting by the door
01-01-01-01-01-01-06.mp4,6,neutral,1,Kids are talking by the door
01-01-01-01-01-02-06.mp4,6,neutral,1,Kids are talking by the door
01-01-01-01-02-01-06.mp4,6,neutral,2,Dogs are sitting by the door
01-01-01-01-02-02-06.mp4,6,neutral,2,Dogs are sitting by the door
01-01-03-01-01-01-06.mp4,6,happy,1,Kids are talking by the door
01-01-03-01-01-02-06.mp4,6,happy,1,Kids are talking by the door
01-01-03-01-02-01-06.mp4,6,happy,2,Dogs are sitting by the door
01-01-03-01-02-02-06.mp4,6,happy,2,Dogs are sitting by the door
01-01-03-02-01-01-06.mp4,6,happy,1,Kids are talking by the door
01-01-03-02-01-02-06.mp4,6,happy,1,Kids are talking by the door
01-01-03-02-02-01-06.mp4,6,happy,2,Dogs are sitting by the door
01-01-03-02-02-02-06.mp4,6,happy,2,Dogs are sitting by the door
01-01-04-01-01-01-06.mp4,6,sad,1,Kids are talking by the door
01-01-04-01-01-02-06.mp4,6,sad,1,Kids are talking by the door
01-01-04-01-02-01-06.mp4,6,sad,2,Dogs are sitting by the door
01-01-04-01-02-02-06.mp4,6,sad,2,Dogs are sitting by the door
01-01-04-02-01-01-06.mp4,6,sad,1,Kids are talking by the door
01-01-04-02-01-02-06.mp4,6,sad,1,Kids are talking by the door
01-01-04-02-02-01-06.mp4,6,sad,2,Dogs are sitting by the door
01-01-04-02-02-02-06.mp4,6,sad,2,Dogs are sitting by the door
01-01-05-01-01-01-06.mp4,6,angry,1,Kids are talking by the door
01-01-05-01-01-02-06.mp4,6,angry,1,Kids are talking by the door
01-01-05-01-02-01-06.mp4,6,angry,2,Dogs are sitting by the door
01-01-05-01-02-02-06.mp4,6,angry,2,Dogs are sitting by the door
01-01-05-02-01-01-06.mp4,6,angry,1,Kids are talking by the door
01-01-05-02-01-02-06.mp4,6,angry,1,Kids are talking by the door
01-01-05-02-02-01-06.mp4,6,angry,2,Dogs are sitting by the door
01-01-05-02-02-02-06.mp4,6,angry,2,Dogs are sitting by the door
01-01-06-01-01-01-06.mp4,6,fearful,1,Kids are talking by the door
01-01-06-01-01-02-06.mp4,6,fearful,1,Kids are talking by the door
01-01-06-01-02-01-06.mp4,6,fearful,2,Dogs are sitting by the door
01-01-06-01-02-02-06.mp4,6,fearful,2,Dogs are sitting by the door
01-01-06-02-01-01-06.mp4,6,fearful,1,Kids are talking by the door
01-01-06-02-01-02-06.mp4,6,fearful,1,Kids are talking by the door
01-01-06-02-02-01-06.mp4,6,fearful,2,Dogs are sitting by the door
01-01-06-02-02-02-06.mp4,6,fearful,2,Dogs are sitting by the door
01-01-07-01-01-01-06.mp4,6,disgust,1,Kids are talking by the door
01-01-07-01-01-02-06.mp4,6,disgust,1,Kids are talking by the door
01-01-07-01-02-01-06.mp4,6,disgust,2,Dogs are sitting by the door
01-01-07-01-02-02-06.mp4,6,disgust,2,Dogs are sitting by the door
01-01-07-02-01-01-06.mp4,6,disgust,1,Kids are talking by the door
01-01-07-02-01-02-06.mp4,6,disgust,1,Kids are talking by the door
01-01-07-02-02-01-06.mp4,6,disgust,2,Dogs are sitting by the door
01-01-07-02-02-02-06.mp4,6,disgust,2,Dogs are sitting by the door
01-01-08-01-01-01-06.mp4,6,surprised,1,Kids are talking by the door
01-01-08-01-01-02-06.mp4,6,surprised,1,Kids are talking by the door
01-01-08-01-02-01-06.mp4,6,surprised,2,Dogs are sitting by the door
01-01-08-01-02-02-06.mp4,6,surprised,2,Dogs are sitting by the door
01-01-08-02-01-01-06.mp4,6,surprised,1,Kids are talking by the door
01-01-08-02-01-02-06.mp4,6,surprised,1,Kids are talking by the door
01-01-08-02-02-01-06.mp4,6,surprised,2,Dogs are sitting by the door
01-01-08-02-02-02-06.mp4,6,surprised,2,Dogs are sitting by the door
01-01-01-01-01-01-07.mp4,7,neutral,1,Kids are talking by the door
01-01-01-01-01-02-07.mp4,7,neutral,1,Kids are talking by the door
01-01-01-01-02-01-07.mp4,7,neutral,2,Dogs are sitting by the door
01-01-01-01-02-02-07.mp4,7,neutral,2,Dogs are sitting by the door
01-01-03-01-01-01-07.mp4,7,happy,1,Kids are talking by the door
01-01-03-01-01-02-07.mp4,7,happy,1,Kids are talking by the door
01-01-03-01-02-01-07.mp4,7,happy,2,Dogs are sitting by the door
01-01-03-01-02-02-07.mp4,7,happy,2,Dogs are sitting by the door
01-01-03-02-01-01-07.mp4,7,happy,1,Kids are talking by the door
01-01-03-02-01-02-07.mp4,7,happy,1,Kids are talking by the door
01-01-03-02-02-01-07.mp4,7,happy,2,Dogs are sitting by the door
01-01-03-02-02-02-07.mp4,7,happy,2,Dogs are sitting by the door
01-01-04-01-01-01-07.mp4,7,sad,1,Kids are talking by the door
01-01-04-01-01-02-07.mp4,7,sad,1,Kids are talking by the door
01-01-04-01-02-01-07.mp4,7,sad,2,Dogs are sitting by the door
01-01-04-01-02-02-07.mp4,7,sad,2,Dogs are sitting by the door
01-01-04-02-01-01-07.mp4,7,sad,1,Kids are talking by the door
01-01-04-02-01-02-07.mp4,7,sad,1,Kids are talking by the door
01-01-04-02-02-01-07.mp4,7,sad,2,Dogs are sitting by the door
01-01-04-02-02-02-07.mp4,7,sad,2,Dogs are sitting by the door
01-01-05-01-01-01-07.mp4,7,angry,1,Kids are talking by the door
01-01-05-01-01-02-07.mp4,7,angry,1,Kids are talking by the door
01-01-05-01-02-01-07.mp4,7,angry,2,Dogs are sitting by the door
01-01-05-01-02-02-07.mp4,7,angry,2,Dogs are sitting by the door
01-01-05-02-01-01-07.mp4,7,angry,1,Kids are talking by the door
01-01-05-02-01-02-07.mp4,7,angry,1,Kids are talking by the door
01-01-05-02-02-01-07.mp4,7,angry,2,Dogs are sitting by the door
01-01-05-02-02-02-07.mp4,7,angry,2,Dogs are sitting by the door
01-01-06-01-01-01-07.mp4,7,fearful,1,Kids are talking by the door
01-01-06-01-01-02-07.mp4,7,fearful,1,Kids are talking by the door
01-01-06-01-02-01-07.mp4,7,fearful,2,Dogs are sitting by the door
01-01-06-01-02-02-07.mp4,7,fearful,2,Dogs are sitting by the door
01-01-06-02-01-01-07.mp4,7,fearful,1,Kids are talking by the door
01-01-06-02-01-02-07.mp4,7,fearful,1,Kids are talking by the door
01-01-06-02-02-01-07.mp4,7,fearful,2,Dogs are sitting by the door
01-01-06-02-02-02-07.mp4,7,fearful,2,Dogs are sitting by the door
01-01-07-01-01-01-07.mp4,7,disgust,1,Kids are talking by the door
01-01-07-01-01-02-07.mp4,7,disgust,1,Kids are talking by the door
01-01-07-01-02-01-07.mp4,7,disgust,2,Dogs are sitting by the door
01-01-07-01-02-02-07.mp4,7,disgust,2,Dogs are sitting by the door
01-01-07-02-01-01-07.mp4,7,disgust,1,Kids are talking by the door
01-01-07-02-01-02-07.mp4,7,disgust,1,Kids are talking by the door
01-01-07-02-02-01-07.mp4,7,disgust,2,Dogs are sitting by the door
01-01-07-02-02-02-07.mp4,7,disgust,2,Dogs are sitting by the door
01-01-08-01-01-01-07.mp4,7,surprised,1,Kids are talking by the door
01-01-08-01-01-02-07.mp4,7,surprised,1,Kids are talking by the door
01-01-08-01-02-01-07.mp4,7,surprised,2,Dogs are sitting by the door
01-01-08-01-02-02-07.mp4,7,surprised,2,Dogs are sitting by the door
01-01-08-02-01-01-07.mp4,7,surprised,1,Kids are talking by the door
01-01-08-02-01-02-07.mp4,7,surprised,1,Kids are talking by the door
01-01-08-02-02-01-07.mp4,7,surprised,2,Dogs are sitting by the door
01-01-08-02-02-02-07.mp4,7,surprised,2,Dogs are sitting by the door
01-01-01-01-01-01-08.mp4,8,neutral,1,Kids are talking by the door
01-01-01-01-01-02-08.mp4,8,neutral,1,Kids are talking by the door
01-01-01-01-02-01-08.mp4,8,neutral,2,Dogs are sitting by the door
01-01-01-01-02-02-08.mp4,8,neutral,2,Dogs are sitting by the door
01-01-03-01-01-01-08.mp4,8,happy,1,Kids are talking by the door
01-01-03-01-01-02-08.mp4,8,happy,1,Kids are talking by the door
01-01-03-01-02-01-08.mp4,8,happy,2,Dogs are sitting by the door
01-01-03-01-02-02-08.mp4,8,happy,2,Dogs are sitting by the door
01-01-03-02-01-01-08.mp4,8,happy,1,Kids are talking by the door
01-01-03-02-01-02-08.mp4,8,happy,1,Kids are talking by the door
01-01-03-02-02-01-08.mp4,8,happy,2,Dogs are sitting by the door
01-01-03-02-02-02-08.mp4,8,happy,2,Dogs are sitting by the door
01-01-04-01-01-01-08.mp4,8,sad,1,Kids are talking by the door
01-01-04-01-01-02-08.mp4,8,sad,1,Kids are talking by the door
01-01-04-01-02-01-08.mp4,8,sad,2,Dogs are sitting by the door
01-01-04-01-02-02-08.mp4,8,sad,2,Dogs are sitting by the door
01-01-04-02-01-01-08.mp4,8,sad,1,Kids are talking by the door
01-01-04-02-01-02-08.mp4,8,sad,1,Kids are talking by the door
01-01-04-02-02-01-08.mp4,8,sad,2,Dogs are sitting by the door
01-01-04-02-02-02-08.mp4,8,sad,2,Dogs are sitting by the door
01-01-05-01-01-01-08.mp4,8,angry,1,Kids are talking by the door
01-01-05-01-01-02-08.mp4,8,angry,1,Kids are talking by the door
01-01-05-01-02-01-08.mp4,8,angry,2,Dogs are sitting by the door
01-01-05-01-02-02-08.mp4,8,angry,2,Dogs are sitting by the door
01-01-05-02-01-01-08.mp4,8,angry,1,Kids are talking by the door
01-01-05-02-01-02-08.mp4,8,angry,1,Kids are talking by the door
01-01-05-02-02-01-08.mp4,8,angry,2,Dogs are sitting by the door
01-01-05-02-02-02-08.mp4,8,angry,2,Dogs are sitting by the door
01-01-06-01-01-01-08.mp4,8,fearful,1,Kids are talking by the door
01-01-06-01-01-02-08.mp4,8,fearful,1,Kids are talking by the door
01-01-06-01-02-01-08.mp4,8,fearful,2,Dogs are sitting by the door
01-01-06-01-02-02-08.mp4,8,fearful,2,Dogs are sitting by the door
01-01-06-02-01-01-08.mp4,8,fearful,1,Kids are talking by the door
01-01-06-02-01-02-08.mp4,8,fearful,1,Kids are talking by the door
01-01-06-02-02-01-08.mp4,8,fearful,2,Dogs are sitting by the door
01-01-06-02-02-02-08.mp4,8,fearful,2,Dogs are sitting by the door
01-01-07-01-01-01-08.mp4,8,disgust,1,Kids are talking by the door
01-01-07-01-01-02-08.mp4,8,disgust,1,Kids are talking by the door
01-01-07-01-02-01-08.mp4,8,disgust,2,Dogs are sitting by the door
01-01-07-01-02-02-08.mp4,8,disgust,2,Dogs are sitting by the door
01-01-07-02-01-01-08.mp4,8,disgust,1,Kids are talking by the door
01-01-07-02-01-02-08.mp4,8,disgust,1,Kids are talking by the door
01-01-07-02-02-01-08.mp4,8,disgust,2,Dogs are sitting by the door
01-01-07-02-02-02-08.mp4,8,disgust,2,Dogs are sitting by the door
01-01-08-01-01-01-08.mp4,8,surprised,1,Kids are talking by the door
01-01-08-01-01-02-08.mp4,8,surprised,1,Kids are talking by the door
01-01-08-01-02-01-08.mp4,8,surprised,2,Dogs are sitting by the door
01-01-08-01-02-02-08.mp4,8,surprised,2,Dogs are sitting by the door
01-01-08-02-01-01-08.mp4,8,surprised,1,Kids are talking by the door
01-01-08-02-01-02-08.mp4,8,surprised,1,Kids are talking by the door
01-01-08-02-02-01-08.mp4,8,surprised,2,Dogs are sitting by the door
01-01-08-02-02-02-08.mp4,8,surprised,2,Dogs are sitting by the door
01-01-01-01-01-01-09.mp4,9,neutral,1,Kids are talking by the door
01-01-01-01-01-02-09.mp4,9,neutral,1,Kids are talking by the door
01-01-01-01-02-01-09.mp4,9,neutral,2,Dogs are sitting by the door
01-01-01-01-02-02-09.mp4,9,neutral,2,Dogs are sitting by the door
01-01-03-01-01-01-09.mp4,9,happy,1,Kids are talking by the door
01-01-03-01-01-02-09.mp4,9,happy,1,Kids are talking by the door
01-01-03-01-02-01-09.mp4,9,happy,2,Dogs are sitting by the door
01-01-03-01-02-02-09.mp4,9,happy,2,Dogs are sitting by the door
01-01-03-02-01-01-09.mp4,9,happy,1,Kids are talking by the door
01-01-03-02-01-02-09.mp4,9,happy,1,Kids are talking by the door
01-01-03-02-02-01-09.mp4,9,happy,2,Dogs are sitting by the door
01-01-03-02-02-02-09.mp4,9,happy,2,Dogs are sitting by the door
01-01-04-01-01-01-09.mp4,9,sad,1,Kids are talking by the door
01-01-04-01-01-02-09.mp4,9,sad,1,Kids are talking by the door
01-01-04-01-02-01-09.mp4,9,sad,2,Dogs are sitting by the door
01-01-04-01-02-02-09.mp4,9,sad,2,Dogs are sitting by the door
01-01-04-02-01-01-09.mp4,9,sad,1,Kids are talking by the door
01-01-04-02-01-02-09.mp4,9,sad,1,Kids are talking by the door
01-01-04-02-02-01-09.mp4,9,sad,2,Dogs are sitting by the door
01-01-04-02-02-02-09.mp4,9,sad,2,Dogs are sitting by the door
01-01-05-01-01-01-09.mp4,9,angry,1,Kids are talking by the door
01-01-05-01-01-02-09.mp4,9,angry,1,Kids are talking by the door
01-01-05-01-02-01-09.mp4,9,angry,2,Dogs are sitting by the door
01-01-05-01-02-02-09.mp4,9,angry,2,Dogs are sitting by the door
01-01-05-02-01-01-09.mp4,9,angry,1,Kids are talking by the door
01-01-05-02-01-02-09.mp4,9,angry,1,Kids are talking by the door
01-01-05-02-02-01-09.mp4,9,angry,2,Dogs are sitting by the door
01-01-05-02-02-02-09.mp4,9,angry,2,Dogs are sitting by the door
01-01-06-01-01-01-09.mp4,9,fearful,1,Kids are talking by the door
01-01-06-01-01-02-09.mp4,9,fearful,1,Kids are talking by the door
01-01-06-01-02-01-09.mp4,9,fearful,2,Dogs are sitting by the door
01-01-06-01-02-02-09.mp4,9,fearful,2,Dogs are sitting by the door
01-01-06-02-01-01-09.mp4,9,fearful,1,Kids are talking by the door
01-01-06-02-01-02-09.mp4,9,fearful,1,Kids are talking by the door
01-01-06-02-02-01-09.mp4,9,fearful,2,Dogs are sitting by the door
01-01-06-02-02-02-09.mp4,9,fearful,2,Dogs are sitting by the door
01-01-07-01-01-01-09.mp4,9,disgust,1,Kids are talking by the door
01-01-07-01-01-02-09.mp4,9,disgust,1,Kids are talking by the door
01-01-07-01-02-01-09.mp4,9,disgust,2,Dogs are sitting by the door
01-01-07-01-02-02-09.mp4,9,disgust,2,Dogs are sitting by the door
01-01-07-02-01-01-09.mp4,9,disgust,1,Kids are talking by the door
01-01-07-02-01-02-09.mp4,9,disgust,1,Kids are talking by the door
01-01-07-02-02-01-09.mp4,9,disgust,2,Dogs are sitting by the door
01-01-07-02-02-02-09.mp4,9,disgust,2,Dogs are sitting by the door
01-01-08-01-01-01-09.mp4,9,surprised,1,Kids are talking by the door
01-01-08-01-01-02-09.mp4,9,surprised,1,Kids are talking by the door
01-01-08-01-02-01-09.mp4,9,surprised,2,Dogs are sitting by the door
01-01-08-01-02-02-09.mp4,9,surprised,2,Dogs are sitting by the door
01-01-08-02-01-01-09.mp4,9,surprised,1,Kids are talking by the door
01-01-08-02-01-02-09.mp4,9,surprised,1,Kids are talking by the door
01-01-08-02-02-01-09.mp4,9,surprised,2,Dogs are sitting by the door
01-01-08-02-02-02-09.mp4,9,surprised,2,Dogs are sitting by the door
01-01-01-01-01-01-10.mp4,10,neutral,1,Kids are talking by the door
01-01-01-01-01-02-10.mp4,10,neutral,1,Kids are talking by the door
01-01-01-01-02-01-10.mp4,10,neutral,2,Dogs are sitting by the door
01-01-01-01-02-02-10.mp4,10,neutral,2,Dogs are sitting by the door
01-01-03-01-01-01-10.mp4,10,happy,1,Kids are talking by the door
01-01-03-01-01-02-10.mp4,10,happy,1,Kids are talking by the door
01-01-03-01-02-01-10.mp4,10,happy,2,Dogs are sitting by the door
01-01-03-01-02-02-10.mp4,10,happy,2,Dogs are sitting by the door
01-01-03-02-01-01-10.mp4,10,happy,1,Kids are talking by the door
01-01-03-02-01-02-10.mp4,10,happy,1,Kids are talking by the door
01-01-03-02-02-01-10.mp4,10,happy,2,Dogs are sitting by the door
01-01-03-02-02-02-10.mp4,10,happy,2,Dogs are sitting by the door
01-01-04-01-01-01-10.mp4,10,sad,1,Kids are talking by the door
01-01-04-01-01-02-10.mp4,10,sad,1,Kids are talking by the door
01-01-04-01-02-01-10.mp4,10,sad,2,Dogs are sitting by the door
01-01-04-01-02-02-10.mp4,10,sad,2,Dogs are sitting by the door
01-01-04-02-01-01-10.mp4,10,sad,1,Kids are talking by the door
01-01-04-02-01-02-10.mp4,10,sad,1,Kids are talking by the door
01-01-04-02-02-01-10.mp4,10,sad,2,Dogs are sitting by the door
01-01-04-02-02-02-10.mp4,10,sad,2,Dogs are sitting by the door
01-01-05-01-01-01-10.mp4,10,angry,1,Kids are talking by the door
01-01-05-01-01-02-10.mp4,10,angry,1,Kids are talking by the door
01-01-05-01-02-01-10.mp4,10,angry,2,Dogs are sitting by the door
01-01-05-01-02-02-10.mp4,10,angry,2,Dogs are sitting by the door
01-01-05-02-01-01-10.mp4,10,angry,1,Kids are talking by the door
01-01-05-02-01-02-10.mp4,10,angry,1,Kids are talking by the door
01-01-05-02-02-01-10.mp4,10,angry,2,Dogs are sitting by the door
01-01-05-02-02-02-10.mp4,10,angry,2,Dogs are sitting by the door
01-01-06-01-01-01-10.mp4,10,fearful,1,Kids are talking by the door
01-01-06-01-01-02-10.mp4,10,fearful,1,Kids are talking by the door
01-01-06-01-02-01-10.mp4,10,fearful,2,Dogs are sitting by the door
01-01-06-01-02-02-10.mp4,10,fearful,2,Dogs are sitting by the door
01-01-06-02-01-01-10.mp4,10,fearful,1,Kids are talking by the door
01-01-06-02-01-02-10.mp4,10,fearful,1,Kids are talking by the door
01-01-06-02-02-01-10.mp4,10,fearful,2,Dogs are sitting by the door
01-01-06-02-02-02-10.mp4,10,fearful,2,Dogs are sitting by the door
01-01-07-01-01-01-10.mp4,10,disgust,1,Kids are talking by the door
01-01-07-01-01-02-10.mp4,10,disgust,1,Kids are talking by the door
01-01-07-01-02-01-10.mp4,10,disgust,2,Dogs are sitting by the door
01-01-07-01-02-02-10.mp4,10,disgust,2,Dogs are sitting by the door
01-01-07-02-01-01-10.mp4,10,disgust,1,Kids are talking by the door
01-01-07-02-01-02-10.mp4,10,disgust,1,Kids are talking by the door
01-01-07-02-02-01-10.mp4,10,disgust,2,Dogs are sitting by the door
01-01-07-02-02-02-10.mp4,10,disgust,2,Dogs are sitting by the door
01-01-08-01-01-01-10.mp4,10,surprised,1,Kids are talking by the door
01-01-08-01-01-02-10.mp4,10,surprised,1,Kids are talking by the door
01-01-08-01-02-01-10.mp4,10,surprised,2,Dogs are sitting by the door
01-01-08-01-02-02-10.mp4,10,surprised,2,Dogs are sitting by the door
01-01-08-02-01-01-10.mp4,10,surprised,1,Kids are talking by the door
01-01-08-02-01-02-10.mp4,10,surprised,1,Kids are talking by the door
01-01-08-02-02-01-10.mp4,10,surprised,2,Dogs are sitting by the door
01-01-08-02-02-02-10.mp4,10,surprised,2,Dogs are sitting by the door
01-01-01-01-01-01-17.mp4,17,neutral,1,Kids are talking by the door
01-01-01-01-01-02-17.mp4,17,neutral,1,Kids are talking by the door
01-01-01-01-02-01-17.mp4,17,neutral,2,Dogs are sitting by the door
01-01-01-01-02-02-17.mp4,17,neutral,2,Dogs are sitting by the door
01-01-03-01-01-01-17.mp4,17,happy,1,Kids are talking by the door
01-01-03-01-01-02-17.mp4,17,happy,1,Kids are talking by the door
01-01-03-01-02-01-17.mp4,17,happy,2,Dogs are sitting by the door
01-01-03-01-02-02-17.mp4,17,happy,2,Dogs are sitting by the door
01-01-03-02-01-01-17.mp4,17,happy,1,Kids are talking by the door
01-01-03-02-01-02-17.mp4,17,happy,1,Kids are talking by the door
01-01-03-02-02-01-17.mp4,17,happy,2,Dogs are sitting by the door
01-01-03-02-02-02-17.mp4,17,happy,2,Dogs are sitting by the door
01-01-04-01-01-01-17.mp4,17,sad,1,Kids are talking by the door
01-01-04-01-01-02-17.mp4,17,sad,1,Kids are talking by the door
01-01-04-01-02-01-17.mp4,17,sad,2,Dogs are sitting by the door
01-01-04-01-02-02-17.mp4,17,sad,2,Dogs are sitting by the door
01-01-04-02-01-01-17.mp4,17,sad,1,Kids are talking by the door
01-01-04-02-01-02-17.mp4,17,sad,1,Kids are talking by the door
01-01-04-02-02-01-17.mp4,17,sad,2,Dogs are sitting by the door
01-01-04-02-02-02-17.mp4,17,sad,2,Dogs are sitting by the door
01-01-05-01-01-01-17.mp4,17,angry,1,Kids are talking by the door
01-01-05-01-01-02-17.mp4,17,angry,1,Kids are talking by the door
01-01-05-01-02-01-17.mp4,17,angry,2,Dogs are sitting by the door
01-01-05-01-02-02-17.mp4,17,angry,2,Dogs are sitting by the door
01-01-05-02-01-01-17.mp4,17,angry,1,Kids are talking by the door
01-01-05-02-01-02-17.mp4,17,angry,1,Kids are talking by the door
01-01-05-02-02-01-17.mp4,17,angry,2,Dogs are sitting by the door
01-01-05-02-02-02-17.mp4,17,angry,2,Dogs are sitting by the door
01-01-06-01-01-01-17.mp4,17,fearful,1,Kids are talking by the door
01-01-06-01-01-02-17.mp4,17,fearful,1,Kids are talking by the door
01-01-06-01-02-01-17.mp4,17,fearful,2,Dogs are sitting by the door
01-01-06-01-02-02-17.mp4,17,fearful,2,Dogs are sitting by the door
01-01-06-02-01-01-17.mp4,17,fearful,1,Kids are talking by the door
01-01-06-02-01-02-17.mp4,17,fearful,1,Kids are talking by the door
01-01-06-02-02-01-17.mp4,17,fearful,2,Dogs are sitting by the door
01-01-06-02-02-02-17.mp4,17,fearful,2,Dogs are sitting by the door
01-01-07-01-01-01-17.mp4,17,disgust,1,Kids are talking by the door
01-01-07-01-01-02-17.mp4,17,disgust,1,Kids are talking by the door
01-01-07-01-02-01-17.mp4,17,disgust,2,Dogs are sitting by the door
01-01-07-01-02-02-17.mp4,17,disgust,2,Dogs are sitting by the door
01-01-07-02-01-01-17.mp4,17,disgust,1,Kids are talking by the door
01-01-07-02-01-02-17.mp4,17,disgust,1,Kids are talking by the door
01-01-07-02-02-01-17.mp4,17,disgust,2,Dogs are sitting by the door
01-01-07-02-02-02-17.mp4,17,disgust,2,Dogs are sitting by the door
01-01-08-01-01-01-17.mp4,17,surprised,1,Kids are talking by the door
01-01-08-01-01-02-17.mp4,17,surprised,1,Kids are talking by the door
01-01-08-01-02-01-17.mp4,17,surprised,2,Dogs are sitting by the door
01-01-08-01-02-02-17.mp4,17,surprised,2,Dogs are sitting by the door
01-01-08-02-01-01-17.mp4,17,surprised,1,Kids are talking by the door
01-01-08-02-01-02-17.mp4,17,surprised,1,Kids are talking by the door
01-01-08-02-02-01-17.mp4,17,surprised,2,Dogs are sitting by the door
01-01-08-02-02-02-17.mp4,17,surprised,2,Dogs are sitting by the door
01-01-01-01-01-01-18.mp4,18,neutral,1,Kids are talking by the door
01-01-01-01-01-02-18.mp4,18,neutral,1,Kids are talking by the door
01-01-01-01-02-01-18.mp4,18,neutral,2,Dogs are sitting by the door
01-01-01-01-02-02-18.mp4,18,neutral,2,Dogs are sitting by the door
01-01-03-01-01-01-18.mp4,18,happy,1,Kids are talking by the door
01-01-03-01-01-02-18.mp4,18,happy,1,Kids are talking by the door
01-01-03-01-02-01-18.mp4,18,happy,2,Dogs are sitting by the door
01-01-03-01-02-02-18.mp4,18,happy,2,Dogs are sitting by the door
01-01-03-02-01-01-18.mp4,18,happy,1,Kids are talking by the door
01-01-03-02-01-02-18.mp4,18,happy,1,Kids are talking by the door
01-01-03-02-02-01-18.mp4,18,happy,2,Dogs are sitting by the door
01-01-03-02-02-02-18.mp4,18,happy,2,Dogs are sitting by the door
01-01-04-01-01-01-18.mp4,18,sad,1,Kids are talking by the door
01-01-04-01-01-02-18.mp4,18,sad,1,Kids are talking by the door
01-01-04-01-02-01-18.mp4,18,sad,2,Dogs are sitting by the door
01-01-04-01-02-02-18.mp4,18,sad,2,Dogs are sitting by the door
01-01-04-02-01-01-18.mp4,18,sad,1,Kids are talking by the door
01-01-04-02-01-02-18.mp4,18,sad,1,Kids are talking by the door
01-01-04-02-02-01-18.mp4,18,sad,2,Dogs are sitting by the door
01-01-04-02-02-02-18.mp4,18,sad,2,Dogs are sitting by the door
01-01-05-01-01-01-18.mp4,18,angry,1,Kids are talking by the door
01-01-05-01-01-02-18.mp4,18,angry,1,Kids are talking by the door
01-01-05-01-02-01-18.mp4,18,angry,2,Dogs are sitting by the door
01-01-05-01-02-02-18.mp4,18,angry,2,Dogs are sitting by the door
01-01-05-02-01-01-18.mp4,18,angry,1,Kids are talking by the door
01-01-05-02-01-02-18.mp4,18,angry,1,Kids are talking by the door
01-01-05-02-02-01-18.mp4,18,angry,2,Dogs are sitting by the door
01-01-05-02-02-02-18.mp4,18,angry,2,Dogs are sitting by the door
01-01-06-01-01-01-18.mp4,18,fearful,1,Kids are talking by the door
01-01-06-01-01-02-18.mp4,18,fearful,1,Kids are talking by the door
01-01-06-01-02-01-18.mp4,18,fearful,2,Dogs are sitting by the door
01-01-06-01-02-02-18.mp4,18,fearful,2,Dogs are sitting by the door
01-01-06-02-01-01-18.mp4,18,fearful,1,Kids are talking by the door
01-01-06-02-01-02-18.mp4,18,fearful,1,Kids are talking by the door
01-01-06-02-02-01-18.mp4,18,fearful,2,Dogs are sitting by the door
01-01-06-02-02-02-18.mp4,18,fearful,2,Dogs are sitting by the door
01-01-07-01-01-01-18.mp4,18,disgust,1,Kids are talking by the door
01-01-07-01-01-02-18.mp4,18,disgust,1,Kids are talking by the door
01-01-07-01-02-01-18.mp4,18,disgust,2,Dogs are sitting by the door
01-01-07-01-02-02-18.mp4,18,disgust,2,Dogs are sitting by the door
01-01-07-02-01-01-18.mp4,18,disgust,1,Kids are talking by the door
01-01-07-02-01-02-18.mp4,18,disgust,1,Kids are talking by the door
01-01-07-02-02-01-18.mp4,18,disgust,2,Dogs are sitting by the door
01-01-07-02-02-02-18.mp4,18,disgust,2,Dogs are sitting by the door
01-01-08-01-01-01-18.mp4,18,surprised,1,Kids are talking by the door
01-01-08-01-01-02-18.mp4,18,surprised,1,Kids are talking by the door
01-01-08-01-02-01-18.mp4,18,surprised,2,Dogs are sitting by the door
01-01-08-01-02-02-18.mp4,18,surprised,2,Dogs are sitting by the door
01-01-08-02-01-01-18.mp4,18,surprised,1,Kids are talking by the door
01-01-08-02-01-02-18.mp4,18,surprised,1,Kids are talking by the door
01-01-08-02-02-01-18.mp4,18,surprised,2,Dogs are sitting by the door
01-01-08-02-02-02-18.mp4,18,surprised,2,Dogs are sitting by the door
01-01-01-01-01-01-21.mp4,21,neutral,1,Kids are talking by the door
01-01-01-01-01-02-21.mp4,21,neutral,1,Kids are talking by the door
01-01-01-01-02-01-21.mp4,21,neutral,2,Dogs are sitting by the door
01-01-01-01-02-02-21.mp4,21,neutral,2,Dogs are sitting by the door
01-01-03-01-01-01-21.mp4,21,happy,1,Kids are talking by the door
01-01-03-01-01-02-21.mp4,21,happy,1,Kids are talking by the door
01-01-03-01-02-01-21.mp4,21,happy,2,Dogs are sitting by the door
01-01-03-01-02-02-21.mp4,21,happy,2,Dogs are sitting by the door
01-01-03-02-01-01-21.mp4,21,happy,1,Kids are talking by the door
01-01-03-02-01-02-21.mp4,21,happy,1,Kids are talking by the door
01-01-03-02-02-01-21.mp4,21,happy,2,Dogs are sitting by the door
01-01-03-02-02-02-21.mp4,21,happy,2,Dogs are sitting by the door
01-01-04-01-01-01-21.mp4,21,sad,1,Kids are talking by the door
01-01-04-01-01-02-21.mp4,21,sad,1,Kids are talking by the door
01-01-04-01-02-01-21.mp4,21,sad,2,Dogs are sitting by the door
01-01-04-01-02-02-21.mp4,21,sad,2,Dogs are sitting by the door
01-01-04-02-01-01-21.mp4,21,sad,1,Kids are talking by the door
01-01-04-02-01-02-21.mp4,21,sad,1,Kids are talking by the door
01-01-04-02-02-01-21.mp4,21,sad,2,Dogs are sitting by the door
01-01-04-02-02-02-21.mp4,21,sad,2,Dogs are sitting by the door
01-01-05-01-01-01-21.mp4,21,angry,1,Kids are talking by the door
01-01-05-01-01-02-21.mp4,21,angry,1,Kids are talking by the door
01-01-05-01-02-01-21.mp4,21,angry,2,Dogs are sitting by the door
01-01-05-01-02-02-21.mp4,21,angry,2,Dogs are sitting by the door
01-01-05-02-01-01-21.mp4,21,angry,1,Kids are talking by the door
01-01-05-02-01-02-21.mp4,21,angry,1,Kids are talking by the door
01-01-05-02-02-01-21.mp4,21,angry,2,Dogs are sitting by the door
01-01-05-02-02-02-21.mp4,21,angry,2,Dogs are sitting by the door
01-01-06-01-01-01-21.mp4,21,fearful,1,Kids are talking by the door
01-01-06-01-01-02-21.mp4,21,fearful,1,Kids are talking by the door
01-01-06-01-02-01-21.mp4,21,fearful,2,Dogs are sitting by the door
01-01-06-01-02-02-21.mp4,21,fearful,2,Dogs are sitting by the door
01-01-06-02-01-01-21.mp4,21,fearful,1,Kids are talking by the door
01-01-06-02-01-02-21.mp4,21,fearful,1,Kids are talking by the door
01-01-06-02-02-01-21.mp4,21,fearful,2,Dogs are sitting by the door
01-01-06-02-02-02-21.mp4,21,fearful,2,Dogs are sitting by the door
01-01-07-01-01-01-21.mp4,21,disgust,1,Kids are talking by the door
01-01-07-01-01-02-21.mp4,21,disgust,1,Kids are talking by the door
01-01-07-01-02-01-21.mp4,21,disgust,2,Dogs are sitting by the door
01-01-07-01-02-02-21.mp4,21,disgust,2,Dogs are sitting by the door
01-01-07-02-01-01-21.mp4,21,disgust,1,Kids are talking by the door
01-01-07-02-01-02-21.mp4,21,disgust,1,Kids are talking by the door
01-01-07-02-02-01-21.mp4,21,disgust,2,Dogs are sitting by the door
01-01-07-02-02-02-21.mp4,21,disgust,2,Dogs are sitting by the door
01-01-08-01-01-01-21.mp4,21,surprised,1,Kids are talking by the door
01-01-08-01-01-02-21.mp4,21,surprised,1,Kids are talking by the door
01-01-08-01-02-01-21.mp4,21,surprised,2,Dogs are sitting by the door
01-01-08-01-02-02-21.mp4,21,surprised,2,Dogs are sitting by the door
01-01-08-02-01-01-21.mp4,21,surprised,1,Kids are talking by the door
01-01-08-02-01-02-21.mp4,21,surprised,1,Kids are talking by the door
01-01-08-02-02-01-21.mp4,21,surprised,2,Dogs are sitting by the door
01-01-08-02-02-02-21.mp4,21,surprised,2,Dogs are sitting by the door
01-01-01-01-01-01-22.mp4,22,neutral,1,Kids are talking by the door
01-01-01-01-01-02-22.mp4,22,neutral,1,Kids are talking by the door
01-01-01-01-02-01-22.mp4,22,neutral,2,Dogs are sitting by the door
01-01-01-01-02-02-22.mp4,22,neutral,2,Dogs are sitting by the door
01-01-03-01-01-01-22.mp4,22,happy,1,Kids are talking by the door
01-01-03-01-01-02-22.mp4,22,happy,1,Kids are talking by the door
01-01-03-01-02-01-22.mp4,22,happy,2,Dogs are sitting by the door
01-01-03-01-02-02-22.mp4,22,happy,2,Dogs are sitting by the door
01-01-03-02-01-01-22.mp4,22,happy,1,Kids are talking by the door
01-01-03-02-01-02-22.mp4,22,happy,1,Kids are talking by the door
01-01-03-02-02-01-22.mp4,22,happy,2,Dogs are sitting by the door
01-01-03-02-02-02-22.mp4,22,happy,2,Dogs are sitting by the door
01-01-04-01-01-01-22.mp4,22,sad,1,Kids are talking by the door
01-01-04-01-01-02-22.mp4,22,sad,1,Kids are talking by the door
01-01-04-01-02-01-22.mp4,22,sad,2,Dogs are sitting by the door
01-01-04-01-02-02-22.mp4,22,sad,2,Dogs are sitting by the door
01-01-04-02-01-01-22.mp4,22,sad,1,Kids are talking by the door
01-01-04-02-01-02-22.mp4,22,sad,1,Kids are talking by the door
01-01-04-02-02-01-22.mp4,22,sad,2,Dogs are sitting by the door
01-01-04-02-02-02-22.mp4,22,sad,2,Dogs are sitting by the door
01-01-05-01-01-01-22.mp4,22,angry,1,Kids are talking by the door
01-01-05-01-01-02-22.mp4,22,angry,1,Kids are talking by the door
01-01-05-01-02-01-22.mp4,22,angry,2,Dogs are sitting by the door
01-01-05-01-02-02-22.mp4,22,angry,2,Dogs are sitting by the door
01-01-05-02-01-01-22.mp4,22,angry,1,Kids are talking by the door
01-01-05-02-01-02-22.mp4,22,angry,1,Kids are talking by the door
01-01-05-02-02-01-22.mp4,22,angry,2,Dogs are sitting by the door
01-01-05-02-02-02-22.mp4,22,angry,2,Dogs are sitting by the door
01-01-06-01-01-01-22.mp4,22,fearful,1,Kids are talking by the door
01-01-06-01-01-02-22.mp4,22,fearful,1,Kids are talking by the door
01-01-06-01-02-01-22.mp4,22,fearful,2,Dogs are sitting by the door
01-01-06-01-02-02-22.mp4,22,fearful,2,Dogs are sitting by the door
01-01-06-02-01-01-22.mp4,22,fearful,1,Kids are talking by the door
01-01-06-02-01-02-22.mp4,22,fearful,1,Kids are talking by the door
01-01-06-02-02-01-22.mp4,22,fearful,2,Dogs are sitting by the door
01-01-06-02-02-02-22.mp4,22,fearful,2,Dogs are sitting by the door
01-01-07-01-01-01-22.mp4,22,disgust,1,Kids are talking by the door
01-01-07-01-01-02-22.mp4,22,disgust,1,Kids are talking by the door
01-01-07-01-02-01-22.mp4,22,disgust,2,Dogs are sitting by the door
01-01-07-01-02-02-22.mp4,22,disgust,2,Dogs are sitting by the door
01-01-07-02-01-01-22.mp4,22,disgust,1,Kids are talking by the door
01-01-07-02-01-02-22.mp4,22,disgust,1,Kids are talking by the door
01-01-07-02-02-01-22.mp4,22,disgust,2,Dogs are sitting by the door
01-01-07-02-02-02-22.mp4,22,disgust,2,Dogs are sitting by the door
01-01-08-01-01-01-22.mp4,22,surprised,1,Kids are talking by the door
01-01-08-01-01-02-22.mp4,22,surprised,1,Kids are talking by the door
01-01-08-01-02-01-22.mp4,22,surprised,2,Dogs are sitting by the door
01-01-08-01-02-02-22.mp4,22,surprised,2,Dogs are sitting by the door
01-01-08-02-01-01-22.mp4,22,surprised,1,Kids are talking by the door
01-01-08-02-01-02-22.mp4,22,surprised,1,Kids are talking by the door
01-01-08-02-02-01-22.mp4,22,surprised,2,Dogs are sitting by the door
01-01-08-02-02-02-22.mp4,22,surprised,2,Dogs are sitting by the door
